{"cameraMode":{"drawMode":0,"name":"Shaded","section":"Shading Mode"},"sceneLighting":false,"audioPlay":false,"sceneViewState":{"m_AlwaysRefresh":false,"showFog":true,"showSkybox":false,"showFlares":true,"showImageEffects":true,"showParticleSystems":true,"showVisualEffectGraphs":true,"m_FxEnabled":false},"in2DMode":false,"pivot":{"x":0.5399999618530273,"y":-0.8250002861022949,"z":-4.075878143310547},"rotation":{"x":-0.4056817591190338,"y":0.025212613865733148,"z":-0.011201162822544575,"w":-0.9135871529579163},"size":2.632301092147827,"orthographic":false}